concentration,Hb SET1,Hb SET2,Hb SET3,Hb SET4
0.0196078431372549,63897.666666666664,63912.80392156863,63894.64705882353,63894.13725490196
0.0392156862745098,63862.333333333336,63868.60784313725,63850.294117647056,63865.27450980392
0.058823529411764705,63827.0,63824.41176470588,63805.94117647059,63836.41176470588
0.0784313725490196,63791.666666666664,63780.21568627451,63761.58823529412,63807.549019607846
0.09803921568627451,63756.333333333336,63736.01960784314,63717.23529411765,63778.686274509804
0.11764705882352941,63721.0,63691.82352941176,63672.882352941175,63749.82352941176
0.13725490196078433,63685.666666666664,63647.62745098039,63628.529411764706,63720.96078431373
0.1568627450980392,63650.333333333336,63603.43137254902,63584.17647058824,63692.098039215685
0.1764705882352941,63615.0,63559.23529411765,63539.82352941176,63663.23529411765
0.19607843137254902,63579.666666666664,63515.03921568627,63495.470588235294,63634.37254901961
0.21568627450980393,63544.333333333336,63470.8431372549,63451.117647058825,63605.509803921566
0.23529411764705882,63509.0,63426.64705882353,63406.76470588235,63576.64705882353
0.2549019607843137,63473.666666666664,63382.450980392154,63362.41176470588,63547.78431372549
0.27450980392156865,63438.333333333336,63338.25490196078,63318.05882352941,63518.92156862745
0.29411764705882354,63403.0,63294.05882352941,63273.705882352944,63490.05882352941
0.3137254901960784,63367.666666666664,63249.86274509804,63229.35294117647,63461.19607843137
0.3333333333333333,63332.333333333336,63205.666666666664,63185.0,63432.333333333336
0.3529411764705882,63297.0,63161.470588235294,63140.64705882353,63403.470588235294
0.37254901960784315,63261.666666666664,63117.27450980392,63096.294117647056,63374.60784313725
0.39215686274509803,63226.333333333336,63073.07843137255,63051.94117647059,63345.74509803922
0.4117647058823529,63191.0,63028.882352941175,63007.58823529412,63316.882352941175
0.43137254901960786,63155.666666666664,62984.686274509804,62963.23529411765,63288.01960784314
0.45098039215686275,63120.333333333336,62940.490196078434,62918.882352941175,63259.1568627451
0.47058823529411764,63085.0,62896.294117647056,62874.529411764706,63230.294117647056
0.49019607843137253,63049.666666666664,62852.098039215685,62830.17647058824,63201.43137254902
0.5098039215686274,63014.333333333336,62807.901960784315,62785.82352941176,63172.56862745098
0.5294117647058824,62979.0,62763.705882352944,62741.470588235294,63143.705882352944
0.5490196078431373,62943.666666666664,62719.509803921566,62697.117647058825,63114.8431372549
0.5686274509803921,62908.333333333336,62675.313725490196,62652.76470588235,63085.98039215686
0.5882352941176471,62873.0,62631.117647058825,62608.41176470588,63057.117647058825
0.6078431372549019,62837.666666666664,62586.921568627455,62564.05882352941,63028.25490196078
0.6274509803921569,62802.333333333336,62542.72549019608,62519.705882352944,62999.39215686275
0.6470588235294118,62767.0,62498.529411764706,62475.35294117647,62970.529411764706
0.6666666666666666,62731.666666666664,62454.333333333336,62431.0,62941.666666666664
0.6862745098039216,62696.333333333336,62410.13725490196,62386.64705882353,62912.80392156863
0.7058823529411764,62661.0,62365.94117647059,62342.294117647056,62883.94117647059
0.7254901960784313,62625.666666666664,62321.74509803922,62297.94117647059,62855.078431372545
0.7450980392156863,62590.333333333336,62277.549019607846,62253.58823529412,62826.21568627451
0.7647058823529411,62555.0,62233.35294117647,62209.23529411765,62797.35294117647
0.7843137254901961,62519.666666666664,62189.1568627451,62164.882352941175,62768.490196078434
0.803921568627451,62484.333333333336,62144.96078431373,62120.529411764706,62739.62745098039
0.8235294117647058,62449.0,62100.76470588235,62076.17647058824,62710.76470588235
0.8431372549019608,62413.666666666664,62056.56862745098,62031.82352941176,62681.901960784315
0.8627450980392157,62378.333333333336,62012.37254901961,61987.470588235294,62653.03921568627
0.8823529411764706,62343.0,61968.17647058824,61943.117647058825,62624.17647058824
0.9019607843137255,62307.666666666664,61923.98039215686,61898.76470588235,62595.313725490196
0.9215686274509803,62272.333333333336,61879.78431372549,61854.41176470588,62566.450980392154
0.9411764705882353,62237.0,61835.58823529412,61810.05882352941,62537.58823529412
0.9607843137254902,62201.666666666664,61791.39215686275,61765.705882352944,62508.72549019608
0.9803921568627451,62166.333333333336,61747.19607843137,61721.35294117647,62479.86274509804
1.0196078431372548,62072.07843137255,61645.294117647056,61611.98039215686,62369.41176470588
1.0392156862745099,62013.1568627451,61587.58823529412,61546.96078431373,62287.82352941176
1.0588235294117647,61954.23529411765,61529.882352941175,61481.94117647059,62206.23529411765
1.0784313725490196,61895.313725490196,61472.17647058824,61416.92156862745,62124.64705882353
1.0980392156862746,61836.39215686275,61414.470588235294,61351.901960784315,62043.05882352941
1.1176470588235294,61777.470588235294,61356.76470588235,61286.882352941175,61961.470588235294
1.1372549019607843,61718.549019607846,61299.05882352941,61221.86274509804,61879.882352941175
1.156862745098039,61659.62745098039,61241.35294117647,61156.8431372549,61798.294117647056
1.1764705882352942,61600.705882352944,61183.64705882353,61091.82352941176,61716.705882352944
1.196078431372549,61541.78431372549,61125.94117647059,61026.80392156863,61635.117647058825
1.215686274509804,61482.86274509804,61068.23529411765,60961.78431372549,61553.529411764706
1.2352941176470589,61423.94117647059,61010.529411764706,60896.76470588235,61471.94117647059
1.2549019607843137,61365.01960784314,60952.82352941176,60831.74509803922,61390.35294117647
1.2745098039215685,61306.098039215685,60895.117647058825,60766.72549019608,61308.76470588235
1.2941176470588236,61247.17647058824,60837.41176470588,60701.705882352944,61227.17647058824
1.3137254901960784,61188.25490196078,60779.705882352944,60636.686274509804,61145.58823529412
1.3333333333333333,61129.333333333336,60722.0,60571.666666666664,61064.0
1.3529411764705883,61070.41176470588,60664.294117647056,60506.64705882353,60982.41176470588
1.3725490196078431,61011.490196078434,60606.58823529412,60441.62745098039,60900.82352941176
1.392156862745098,60952.56862745098,60548.882352941175,60376.60784313725,60819.23529411765
1.4117647058823528,60893.64705882353,60491.17647058824,60311.58823529412,60737.64705882353
1.4313725490196079,60834.72549019608,60433.470588235294,60246.56862745098,60656.05882352941
1.4509803921568627,60775.80392156863,60375.76470588235,60181.549019607846,60574.470588235294
1.4705882352941178,60716.882352941175,60318.05882352941,60116.529411764706,60492.882352941175
1.4901960784313726,60657.96078431373,60260.35294117647,60051.509803921566,60411.294117647056
1.5098039215686274,60599.03921568627,60202.64705882353,59986.490196078434,60329.705882352944
1.5294117647058822,60540.117647058825,60144.94117647059,59921.470588235294,60248.117647058825
1.5490196078431373,60481.19607843137,60087.23529411765,59856.450980392154,60166.529411764706
1.5686274509803921,60422.27450980392,60029.529411764706,59791.43137254902,60084.94117647059
1.5882352941176472,60363.35294117647,59971.82352941176,59726.41176470588,60003.35294117647
1.607843137254902,60304.43137254902,59914.117647058825,59661.39215686275,59921.76470588235
1.6274509803921569,60245.509803921566,59856.41176470588,59596.37254901961,59840.17647058824
1.6470588235294117,60186.58823529412,59798.705882352944,59531.35294117647,59758.58823529412
1.6666666666666665,60127.666666666664,59741.0,59466.333333333336,59677.0
1.6862745098039216,60068.74509803922,59683.294117647056,59401.313725490196,59595.41176470588
1.7058823529411764,60009.82352941176,59625.58823529412,59336.294117647056,59513.82352941176
1.7254901960784315,59950.901960784315,59567.882352941175,59271.27450980392,59432.23529411765
1.7450980392156863,59891.98039215686,59510.17647058824,59206.25490196078,59350.64705882353
1.7647058823529411,59833.05882352941,59452.470588235294,59141.23529411765,59269.05882352941
1.784313725490196,59774.13725490196,59394.76470588235,59076.21568627451,59187.470588235294
1.803921568627451,59715.21568627451,59337.05882352941,59011.19607843137,59105.882352941175
1.8235294117647058,59656.294117647056,59279.35294117647,58946.17647058824,59024.294117647056
1.843137254901961,59597.37254901961,59221.64705882353,58881.1568627451,58942.705882352944
1.8627450980392157,59538.450980392154,59163.94117647059,58816.13725490196,58861.117647058825
1.8823529411764706,59479.529411764706,59106.23529411765,58751.117647058825,58779.529411764706
1.9019607843137254,59420.60784313725,59048.529411764706,58686.098039215685,58697.94117647059
1.9215686274509802,59361.686274509804,58990.82352941176,58621.07843137255,58616.35294117647
1.9411764705882353,59302.76470588235,58933.117647058825,58556.05882352941,58534.76470588235
1.9607843137254903,59243.8431372549,58875.41176470588,58491.03921568627,58453.17647058824
1.9803921568627452,59184.921568627455,58817.705882352944,58426.01960784314,58371.58823529412
2.019607843137255,59052.76470588235,58694.23529411765,58288.72549019608,58236.92156862745
2.0392156862745097,58979.529411764706,58628.470588235294,58216.450980392154,58183.8431372549
2.0588235294117645,58906.294117647056,58562.705882352944,58144.17647058824,58130.76470588235
2.0784313725490198,58833.05882352941,58496.94117647059,58071.901960784315,58077.686274509804
2.0980392156862746,58759.82352941176,58431.17647058824,57999.62745098039,58024.60784313725
2.1176470588235294,58686.58823529412,58365.41176470588,57927.35294117647,57971.529411764706
2.1372549019607843,58613.35294117647,58299.64705882353,57855.078431372545,57918.450980392154
2.156862745098039,58540.117647058825,58233.882352941175,57782.80392156863,57865.37254901961
2.176470588235294,58466.882352941175,58168.117647058825,57710.529411764706,57812.294117647056
2.196078431372549,58393.64705882353,58102.35294117647,57638.25490196078,57759.21568627451
2.215686274509804,58320.41176470588,58036.58823529412,57565.98039215686,57706.13725490196
2.235294117647059,58247.17647058824,57970.82352941176,57493.705882352944,57653.05882352941
2.2549019607843137,58173.94117647059,57905.05882352941,57421.43137254902,57599.98039215686
2.2745098039215685,58100.705882352944,57839.294117647056,57349.1568627451,57546.901960784315
2.2941176470588234,58027.470588235294,57773.529411764706,57276.882352941175,57493.82352941176
2.313725490196078,57954.23529411765,57707.76470588235,57204.60784313725,57440.74509803922
2.3333333333333335,57881.0,57642.0,57132.333333333336,57387.666666666664
2.3529411764705883,57807.76470588235,57576.23529411765,57060.05882352941,57334.58823529412
2.372549019607843,57734.529411764706,57510.470588235294,56987.78431372549,57281.509803921566
2.392156862745098,57661.294117647056,57444.705882352944,56915.509803921566,57228.43137254902
2.411764705882353,57588.05882352941,57378.94117647059,56843.23529411765,57175.35294117647
2.431372549019608,57514.82352941176,57313.17647058824,56770.96078431373,57122.27450980392
2.450980392156863,57441.58823529412,57247.41176470588,56698.686274509804,57069.19607843137
2.4705882352941178,57368.35294117647,57181.64705882353,56626.41176470588,57016.117647058825
2.4901960784313726,57295.117647058825,57115.882352941175,56554.13725490196,56963.03921568627
2.5098039215686274,57221.882352941175,57050.117647058825,56481.86274509804,56909.96078431373
2.5294117647058822,57148.64705882353,56984.35294117647,56409.58823529412,56856.882352941175
2.549019607843137,57075.41176470588,56918.58823529412,56337.313725490196,56803.80392156863
2.568627450980392,57002.17647058824,56852.82352941176,56265.03921568627,56750.72549019608
2.588235294117647,56928.94117647059,56787.05882352941,56192.76470588235,56697.64705882353
2.607843137254902,56855.705882352944,56721.294117647056,56120.490196078434,56644.56862745098
2.627450980392157,56782.470588235294,56655.529411764706,56048.21568627451,56591.490196078434
2.6470588235294117,56709.23529411765,56589.76470588235,55975.94117647059,56538.41176470588
2.6666666666666665,56636.0,56524.0,55903.666666666664,56485.333333333336
2.686274509803922,56562.76470588235,56458.23529411765,55831.39215686274,56432.25490196078
2.7058823529411766,56489.529411764706,56392.470588235294,55759.117647058825,56379.17647058824
2.7254901960784315,56416.294117647056,56326.705882352944,55686.8431372549,56326.098039215685
2.7450980392156863,56343.05882352941,56260.94117647059,55614.56862745098,56273.01960784314
2.764705882352941,56269.82352941176,56195.17647058824,55542.294117647056,56219.94117647059
2.784313725490196,56196.58823529412,56129.41176470588,55470.01960784314,56166.86274509804
2.803921568627451,56123.35294117647,56063.64705882353,55397.74509803922,56113.78431372549
2.8235294117647056,56050.117647058825,55997.882352941175,55325.470588235294,56060.705882352944
2.843137254901961,55976.882352941175,55932.117647058825,55253.19607843137,56007.62745098039
2.8627450980392157,55903.64705882353,55866.35294117647,55180.92156862745,55954.549019607846
2.8823529411764706,55830.41176470588,55800.58823529412,55108.64705882353,55901.470588235294
2.9019607843137254,55757.17647058824,55734.82352941176,55036.37254901961,55848.39215686275
2.9215686274509802,55683.94117647059,55669.05882352941,54964.098039215685,55795.313725490196
2.9411764705882355,55610.705882352944,55603.294117647056,54891.82352941176,55742.23529411765
2.9607843137254903,55537.470588235294,55537.529411764706,54819.549019607846,55689.1568627451
2.980392156862745,55464.23529411765,55471.76470588235,54747.27450980392,55636.078431372545
3.019607843137255,55340.098039215685,55343.117647058825,54619.23529411765,55523.27450980392
3.0392156862745097,55289.19607843137,55280.23529411765,54563.470588235294,55463.549019607846
3.0588235294117645,55238.294117647056,55217.35294117647,54507.705882352944,55403.82352941176
3.0784313725490198,55187.39215686275,55154.470588235294,54451.94117647059,55344.098039215685
3.0980392156862746,55136.490196078434,55091.58823529412,54396.17647058824,55284.37254901961
3.1176470588235294,55085.58823529412,55028.705882352944,54340.41176470588,55224.64705882353
3.1372549019607843,55034.686274509804,54965.82352941176,54284.64705882353,55164.92156862745
3.156862745098039,54983.78431372549,54902.94117647059,54228.882352941175,55105.19607843137
3.176470588235294,54932.882352941175,54840.05882352941,54173.117647058825,55045.470588235294
3.196078431372549,54881.98039215686,54777.17647058824,54117.35294117647,54985.74509803922
3.215686274509804,54831.07843137255,54714.294117647056,54061.58823529412,54926.01960784314
3.235294117647059,54780.17647058824,54651.41176470588,54005.82352941176,54866.294117647056
3.2549019607843137,54729.27450980392,54588.529411764706,53950.05882352941,54806.56862745098
3.2745098039215685,54678.37254901961,54525.64705882353,53894.294117647056,54746.8431372549
3.2941176470588234,54627.470588235294,54462.76470588235,53838.529411764706,54687.117647058825
3.313725490196078,54576.56862745098,54399.882352941175,53782.76470588235,54627.39215686275
3.3333333333333335,54525.666666666664,54337.0,53727.0,54567.666666666664
3.3529411764705883,54474.76470588235,54274.117647058825,53671.23529411765,54507.94117647059
3.372549019607843,54423.86274509804,54211.23529411765,53615.470588235294,54448.21568627451
3.392156862745098,54372.96078431373,54148.35294117647,53559.705882352944,54388.490196078434
3.411764705882353,54322.05882352941,54085.470588235294,53503.94117647059,54328.76470588235
3.431372549019608,54271.1568627451,54022.58823529412,53448.17647058824,54269.03921568627
3.450980392156863,54220.25490196078,53959.705882352944,53392.41176470588,54209.313725490196
3.4705882352941178,54169.35294117647,53896.82352941176,53336.64705882353,54149.58823529412
3.4901960784313726,54118.450980392154,53833.94117647059,53280.882352941175,54089.86274509804
3.5098039215686274,54067.549019607846,53771.05882352941,53225.117647058825,54030.13725490196
3.5294117647058822,54016.64705882353,53708.17647058824,53169.35294117647,53970.41176470588
3.549019607843137,53965.74509803922,53645.294117647056,53113.58823529412,53910.686274509804
3.568627450980392,53914.8431372549,53582.41176470588,53057.82352941176,53850.96078431373
3.588235294117647,53863.94117647059,53519.529411764706,53002.05882352941,53791.23529411765
3.607843137254902,53813.03921568627,53456.64705882353,52946.294117647056,53731.509803921566
3.627450980392157,53762.13725490196,53393.76470588235,52890.529411764706,53671.78431372549
3.6470588235294117,53711.23529411765,53330.882352941175,52834.76470588235,53612.05882352941
3.6666666666666665,53660.333333333336,53268.0,52779.0,53552.333333333336
3.686274509803922,53609.43137254902,53205.117647058825,52723.23529411765,53492.60784313725
3.7058823529411766,53558.529411764706,53142.23529411765,52667.470588235294,53432.882352941175
3.7254901960784315,53507.62745098039,53079.35294117647,52611.705882352944,53373.1568627451
3.7450980392156863,53456.72549019608,53016.470588235294,52555.94117647059,53313.43137254902
3.764705882352941,53405.82352941176,52953.58823529412,52500.17647058824,53253.705882352944
3.784313725490196,53354.921568627455,52890.705882352944,52444.41176470588,53193.98039215686
3.803921568627451,53304.01960784314,52827.82352941176,52388.64705882353,53134.25490196078
3.8235294117647056,53253.117647058825,52764.94117647059,52332.882352941175,53074.529411764706
3.843137254901961,53202.21568627451,52702.05882352941,52277.117647058825,53014.80392156863
3.8627450980392157,53151.313725490196,52639.17647058824,52221.35294117647,52955.078431372545
3.8823529411764706,53100.41176470588,52576.294117647056,52165.58823529412,52895.35294117647
3.9019607843137254,53049.509803921566,52513.41176470588,52109.82352941176,52835.62745098039
3.9215686274509802,52998.60784313726,52450.529411764706,52054.05882352941,52775.901960784315
3.9411764705882355,52947.705882352944,52387.64705882353,51998.294117647056,52716.17647058824
3.9607843137254903,52896.80392156863,52324.76470588235,51942.529411764706,52656.450980392154
3.980392156862745,52845.901960784315,52261.882352941175,51886.76470588235,52596.72549019608
4.019607843137255,52728.27450980392,52147.13725490196,51773.96078431373,52489.56862745098
4.03921568627451,52661.549019607846,52095.27450980392,51716.92156862745,52442.13725490196
4.0588235294117645,52594.82352941176,52043.41176470588,51659.882352941175,52394.705882352944
4.078431372549019,52528.098039215685,51991.549019607846,51602.8431372549,52347.27450980392
4.098039215686274,52461.37254901961,51939.686274509804,51545.80392156863,52299.8431372549
4.117647058823529,52394.64705882353,51887.82352941176,51488.76470588235,52252.41176470588
4.137254901960785,52327.921568627455,51835.96078431373,51431.72549019608,52204.98039215686
4.1568627450980395,52261.19607843137,51784.098039215685,51374.686274509804,52157.549019607846
4.176470588235294,52194.470588235294,51732.23529411765,51317.64705882353,52110.117647058825
4.196078431372549,52127.74509803922,51680.37254901961,51260.60784313725,52062.686274509804
4.215686274509804,52061.01960784314,51628.509803921566,51203.56862745098,52015.25490196078
4.235294117647059,51994.294117647056,51576.64705882353,51146.529411764706,51967.82352941176
4.254901960784314,51927.56862745098,51524.78431372549,51089.490196078434,51920.39215686275
4.2745098039215685,51860.8431372549,51472.921568627455,51032.450980392154,51872.96078431373
4.294117647058823,51794.117647058825,51421.05882352941,50975.41176470588,51825.529411764706
4.313725490196078,51727.39215686275,51369.19607843137,50918.37254901961,51778.098039215685
4.333333333333333,51660.666666666664,51317.333333333336,50861.333333333336,51730.666666666664
4.352941176470588,51593.94117647059,51265.470588235294,50804.294117647056,51683.23529411765
4.372549019607844,51527.21568627451,51213.60784313725,50747.25490196078,51635.80392156863
4.392156862745098,51460.490196078434,51161.74509803922,50690.21568627451,51588.37254901961
4.411764705882353,51393.76470588235,51109.882352941175,50633.17647058824,51540.94117647059
4.431372549019608,51327.03921568627,51058.01960784314,50576.13725490196,51493.509803921566
4.450980392156863,51260.313725490196,51006.1568627451,50519.098039215685,51446.078431372545
4.470588235294118,51193.58823529412,50954.294117647056,50462.05882352941,51398.64705882353
4.490196078431373,51126.86274509804,50902.43137254902,50405.01960784314,51351.21568627451
4.509803921568627,51060.13725490196,50850.56862745098,50347.98039215686,51303.78431372549
4.529411764705882,50993.41176470588,50798.705882352944,50290.94117647059,51256.35294117647
4.549019607843137,50926.686274509804,50746.8431372549,50233.901960784315,51208.921568627455
4.568627450980392,50859.96078431373,50694.98039215686,50176.86274509804,51161.490196078434
4.588235294117647,50793.23529411765,50643.117647058825,50119.82352941176,51114.05882352941
4.607843137254902,50726.509803921566,50591.25490196078,50062.78431372549,51066.62745098039
4.627450980392156,50659.78431372549,50539.39215686275,50005.74509803922,51019.19607843137
4.647058823529412,50593.05882352941,50487.529411764706,49948.705882352944,50971.76470588235
4.666666666666667,50526.333333333336,50435.666666666664,49891.666666666664,50924.333333333336
4.686274509803922,50459.60784313726,50383.80392156863,49834.62745098039,50876.901960784315
4.705882352941177,50392.882352941175,50331.94117647059,49777.58823529412,50829.470588235294
4.7254901960784315,50326.1568627451,50280.07843137255,49720.549019607846,50782.03921568627
4.745098039215686,50259.43137254902,50228.21568627451,49663.509803921566,50734.60784313725
4.764705882352941,50192.705882352944,50176.35294117647,49606.470588235294,50687.17647058824
4.784313725490196,50125.98039215686,50124.490196078434,49549.43137254902,50639.74509803922
4.803921568627451,50059.25490196078,50072.62745098039,49492.39215686275,50592.313725490196
4.823529411764706,49992.529411764706,50020.76470588235,49435.35294117647,50544.882352941175
4.8431372549019605,49925.80392156863,49968.901960784315,49378.313725490196,50497.450980392154
4.862745098039216,49859.07843137255,49917.03921568627,49321.27450980392,50450.01960784314
4.882352941176471,49792.35294117647,49865.17647058824,49264.23529411765,50402.58823529412
4.901960784313726,49725.62745098039,49813.313725490196,49207.19607843137,50355.1568627451
4.921568627450981,49658.901960784315,49761.450980392154,49150.1568627451,50307.72549019608
4.9411764705882355,49592.17647058824,49709.58823529412,49093.117647058825,50260.294117647056
4.96078431372549,49525.450980392154,49657.72549019608,49036.078431372545,50212.86274509804
4.980392156862745,49458.72549019608,49605.86274509804,48979.03921568627,50165.43137254902
5.019607843137255,49342.450980392154,49492.60784313725,48868.549019607846,50053.19607843137
5.03921568627451,49292.901960784315,49431.21568627451,48815.098039215685,49988.39215686275
5.0588235294117645,49243.35294117647,49369.82352941176,48761.64705882353,49923.58823529412
5.078431372549019,49193.80392156863,49308.43137254902,48708.19607843137,49858.78431372549
5.098039215686274,49144.25490196078,49247.03921568627,48654.74509803922,49793.98039215686
5.117647058823529,49094.705882352944,49185.64705882353,48601.294117647056,49729.17647058824
5.137254901960785,49045.1568627451,49124.25490196078,48547.8431372549,49664.37254901961
5.1568627450980395,48995.60784313725,49062.86274509804,48494.39215686275,49599.56862745098
5.176470588235294,48946.05882352941,49001.470588235294,48440.94117647059,49534.76470588235
5.196078431372549,48896.509803921566,48940.07843137255,48387.490196078434,49469.96078431373
5.215686274509804,48846.96078431373,48878.686274509804,48334.03921568627,49405.1568627451
5.235294117647059,48797.41176470588,48817.294117647056,48280.58823529412,49340.35294117647
5.254901960784314,48747.86274509804,48755.901960784315,48227.13725490196,49275.549019607846
5.2745098039215685,48698.313725490196,48694.509803921566,48173.686274509804,49210.74509803922
5.294117647058823,48648.76470588235,48633.117647058825,48120.23529411765,49145.94117647059
5.313725490196078,48599.21568627451,48571.72549019608,48066.78431372549,49081.13725490196
5.333333333333333,48549.666666666664,48510.333333333336,48013.333333333336,49016.333333333336
5.352941176470588,48500.117647058825,48448.94117647059,47959.882352941175,48951.529411764706
5.372549019607844,48450.56862745098,48387.549019607846,47906.43137254902,48886.72549019608
5.392156862745098,48401.01960784314,48326.1568627451,47852.98039215686,48821.921568627455
5.411764705882353,48351.470588235294,48264.76470588235,47799.529411764706,48757.117647058825
5.431372549019608,48301.921568627455,48203.37254901961,47746.078431372545,48692.313725490196
5.450980392156863,48252.37254901961,48141.98039215686,47692.62745098039,48627.509803921566
5.470588235294118,48202.82352941176,48080.58823529412,47639.17647058824,48562.705882352944
5.490196078431373,48153.27450980392,48019.19607843137,47585.72549019608,48497.901960784315
5.509803921568627,48103.72549019608,47957.80392156863,47532.27450980392,48433.098039215685
5.529411764705882,48054.17647058824,47896.41176470588,47478.82352941176,48368.294117647056
5.549019607843137,48004.62745098039,47835.01960784314,47425.37254901961,48303.490196078434
5.568627450980392,47955.07843137255,47773.62745098039,47371.92156862745,48238.686274509804
5.588235294117647,47905.529411764706,47712.23529411765,47318.470588235294,48173.882352941175
5.607843137254902,47855.98039215686,47650.8431372549,47265.01960784314,48109.07843137255
5.627450980392156,47806.43137254902,47589.450980392154,47211.56862745098,48044.27450980392
5.647058823529412,47756.882352941175,47528.05882352941,47158.117647058825,47979.470588235294
5.666666666666667,47707.333333333336,47466.666666666664,47104.666666666664,47914.666666666664
5.686274509803922,47657.78431372549,47405.27450980392,47051.21568627451,47849.86274509804
5.705882352941177,47608.23529411765,47343.882352941175,46997.76470588235,47785.05882352941
5.7254901960784315,47558.686274509804,47282.490196078434,46944.313725490196,47720.25490196078
5.745098039215686,47509.13725490196,47221.098039215685,46890.86274509804,47655.450980392154
5.764705882352941,47459.58823529412,47159.705882352944,46837.41176470588,47590.64705882353
5.784313725490196,47410.03921568627,47098.313725490196,46783.96078431373,47525.8431372549
5.803921568627451,47360.490196078434,47036.921568627455,46730.509803921566,47461.03921568627
5.823529411764706,47310.94117647059,46975.529411764706,46677.05882352941,47396.23529411765
5.8431372549019605,47261.39215686275,46914.13725490196,46623.60784313725,47331.43137254902
5.862745098039216,47211.8431372549,46852.74509803922,46570.1568627451,47266.62745098039
5.882352941176471,47162.294117647056,46791.35294117647,46516.705882352944,47201.82352941176
5.901960784313726,47112.74509803922,46729.96078431373,46463.25490196078,47137.01960784314
5.921568627450981,47063.19607843137,46668.56862745098,46409.80392156863,47072.21568627451
5.9411764705882355,47013.64705882353,46607.17647058824,46356.35294117647,47007.41176470588
5.96078431372549,46964.098039215685,46545.78431372549,46302.901960784315,46942.60784313726
5.980392156862745,46914.549019607846,46484.39215686275,46249.450980392154,46877.80392156863
6.019607843137255,46817.78431372549,46373.98039215686,46150.86274509804,46766.96078431373
6.03921568627451,46770.56862745098,46324.96078431373,46105.72549019608,46720.92156862745
6.0588235294117645,46723.35294117647,46275.94117647059,46060.58823529412,46674.882352941175
6.078431372549019,46676.13725490196,46226.92156862745,46015.450980392154,46628.8431372549
6.098039215686274,46628.92156862745,46177.901960784315,45970.313725490196,46582.80392156863
6.117647058823529,46581.705882352944,46128.882352941175,45925.17647058824,46536.76470588235
6.137254901960785,46534.490196078434,46079.86274509804,45880.03921568627,46490.72549019608
6.1568627450980395,46487.27450980392,46030.8431372549,45834.901960784315,46444.686274509804
6.176470588235294,46440.05882352941,45981.82352941176,45789.76470588235,46398.64705882353
6.196078431372549,46392.8431372549,45932.80392156863,45744.62745098039,46352.60784313725
6.215686274509804,46345.62745098039,45883.78431372549,45699.490196078434,46306.56862745098
6.235294117647059,46298.41176470588,45834.76470588235,45654.35294117647,46260.529411764706
6.254901960784314,46251.19607843137,45785.74509803922,45609.21568627451,46214.490196078434
6.2745098039215685,46203.98039215686,45736.72549019608,45564.078431372545,46168.450980392154
6.294117647058823,46156.76470588235,45687.705882352944,45518.94117647059,46122.41176470588
6.313725490196078,46109.549019607846,45638.686274509804,45473.80392156863,46076.37254901961
6.333333333333333,46062.333333333336,45589.666666666664,45428.666666666664,46030.333333333336
6.352941176470588,46015.117647058825,45540.64705882353,45383.529411764706,45984.294117647056
6.372549019607844,45967.901960784315,45491.62745098039,45338.39215686275,45938.25490196078
6.392156862745098,45920.686274509804,45442.60784313725,45293.25490196078,45892.21568627451
6.411764705882353,45873.470588235294,45393.58823529412,45248.117647058825,45846.17647058824
6.431372549019608,45826.25490196078,45344.56862745098,45202.98039215686,45800.13725490196
6.450980392156863,45779.03921568627,45295.549019607846,45157.8431372549,45754.098039215685
6.470588235294118,45731.82352941176,45246.529411764706,45112.705882352944,45708.05882352941
6.490196078431373,45684.60784313725,45197.509803921566,45067.56862745098,45662.01960784314
6.509803921568627,45637.39215686275,45148.490196078434,45022.43137254902,45615.98039215686
6.529411764705882,45590.17647058824,45099.470588235294,44977.294117647056,45569.94117647059
6.549019607843137,45542.96078431373,45050.450980392154,44932.1568627451,45523.901960784315
6.568627450980392,45495.74509803922,45001.43137254902,44887.01960784314,45477.86274509804
6.588235294117647,45448.529411764706,44952.41176470588,44841.882352941175,45431.82352941176
6.607843137254902,45401.313725490196,44903.39215686275,44796.74509803922,45385.78431372549
6.627450980392156,45354.098039215685,44854.37254901961,44751.60784313725,45339.74509803922
6.647058823529412,45306.882352941175,44805.35294117647,44706.470588235294,45293.705882352944
6.666666666666667,45259.666666666664,44756.333333333336,44661.333333333336,45247.666666666664
6.686274509803922,45212.450980392154,44707.313725490196,44616.19607843137,45201.62745098039
6.705882352941177,45165.23529411765,44658.294117647056,44571.05882352941,45155.58823529412
6.7254901960784315,45118.01960784314,44609.27450980392,44525.92156862745,45109.549019607846
6.745098039215686,45070.80392156863,44560.25490196078,44480.78431372549,45063.509803921566
6.764705882352941,45023.58823529412,44511.23529411765,44435.64705882353,45017.470588235294
6.784313725490196,44976.37254901961,44462.21568627451,44390.509803921566,44971.43137254902
6.803921568627451,44929.1568627451,44413.19607843137,44345.37254901961,44925.39215686275
6.823529411764706,44881.94117647059,44364.17647058824,44300.23529411765,44879.35294117647
6.8431372549019605,44834.72549019608,44315.1568627451,44255.098039215685,44833.313725490196
6.862745098039216,44787.509803921566,44266.13725490196,44209.96078431373,44787.27450980392
6.882352941176471,44740.294117647056,44217.117647058825,44164.82352941176,44741.23529411765
6.901960784313726,44693.078431372545,44168.098039215685,44119.686274509804,44695.19607843137
6.921568627450981,44645.86274509804,44119.078431372545,44074.549019607846,44649.1568627451
6.9411764705882355,44598.64705882353,44070.05882352941,44029.41176470588,44603.117647058825
6.96078431372549,44551.43137254902,44021.03921568627,43984.27450980392,44557.078431372545
6.980392156862745,44504.21568627451,43972.01960784314,43939.13725490196,44511.03921568627
7.019607843137255,44415.294117647056,43844.117647058825,43843.21568627451,44418.098039215685
7.03921568627451,44373.58823529412,43765.23529411765,43792.43137254902,44371.19607843137
7.0588235294117645,44331.882352941175,43686.35294117647,43741.64705882353,44324.294117647056
7.078431372549019,44290.17647058824,43607.470588235294,43690.86274509804,44277.39215686275
7.098039215686274,44248.470588235294,43528.58823529412,43640.07843137255,44230.490196078434
7.117647058823529,44206.76470588235,43449.705882352944,43589.294117647056,44183.58823529412
7.137254901960785,44165.05882352941,43370.82352941176,43538.509803921566,44136.686274509804
7.1568627450980395,44123.35294117647,43291.94117647059,43487.72549019608,44089.78431372549
7.176470588235294,44081.64705882353,43213.05882352941,43436.94117647059,44042.882352941175
7.196078431372549,44039.94117647059,43134.17647058824,43386.1568627451,43995.98039215686
7.215686274509804,43998.23529411765,43055.294117647056,43335.37254901961,43949.07843137255
7.235294117647059,43956.529411764706,42976.41176470588,43284.58823529412,43902.17647058824
7.254901960784314,43914.82352941176,42897.529411764706,43233.80392156863,43855.27450980392
7.2745098039215685,43873.117647058825,42818.64705882353,43183.01960784314,43808.37254901961
7.294117647058823,43831.41176470588,42739.76470588235,43132.23529411765,43761.470588235294
7.313725490196078,43789.705882352944,42660.882352941175,43081.450980392154,43714.56862745098
7.333333333333333,43748.0,42582.0,43030.666666666664,43667.666666666664
7.352941176470588,43706.294117647056,42503.117647058825,42979.882352941175,43620.76470588235
7.372549019607844,43664.58823529412,42424.23529411765,42929.098039215685,43573.86274509804
7.392156862745098,43622.882352941175,42345.35294117647,42878.313725490196,43526.96078431373
7.411764705882353,43581.17647058824,42266.470588235294,42827.529411764706,43480.05882352941
7.431372549019608,43539.470588235294,42187.58823529412,42776.74509803922,43433.1568627451
7.450980392156863,43497.76470588235,42108.705882352944,42725.96078431373,43386.25490196078
7.470588235294118,43456.05882352941,42029.82352941176,42675.17647058824,43339.35294117647
7.490196078431373,43414.35294117647,41950.94117647059,42624.39215686275,43292.450980392154
7.509803921568627,43372.64705882353,41872.05882352941,42573.60784313725,43245.549019607846
7.529411764705882,43330.94117647059,41793.17647058824,42522.82352941176,43198.64705882353
7.549019607843137,43289.23529411765,41714.294117647056,42472.03921568627,43151.74509803922
7.568627450980392,43247.529411764706,41635.41176470588,42421.25490196078,43104.8431372549
7.588235294117647,43205.82352941176,41556.529411764706,42370.470588235294,43057.94117647059
7.607843137254902,43164.117647058825,41477.64705882353,42319.686274509804,43011.03921568627
7.627450980392156,43122.41176470588,41398.76470588235,42268.901960784315,42964.13725490196
7.647058823529412,43080.705882352944,41319.882352941175,42218.117647058825,42917.23529411765
7.666666666666667,43039.0,41241.0,42167.333333333336,42870.333333333336
7.686274509803922,42997.294117647056,41162.117647058825,42116.549019607846,42823.43137254902
7.705882352941177,42955.58823529412,41083.23529411765,42065.76470588235,42776.529411764706
7.7254901960784315,42913.882352941175,41004.35294117647,42014.98039215686,42729.62745098039
7.745098039215686,42872.17647058824,40925.470588235294,41964.19607843137,42682.72549019608
7.764705882352941,42830.470588235294,40846.58823529412,41913.41176470588,42635.82352941176
7.784313725490196,42788.76470588235,40767.705882352944,41862.62745098039,42588.921568627455
7.803921568627451,42747.05882352941,40688.82352941176,41811.8431372549,42542.01960784314
7.823529411764706,42705.35294117647,40609.94117647059,41761.05882352941,42495.117647058825
7.8431372549019605,42663.64705882353,40531.05882352941,41710.27450980392,42448.21568627451
7.862745098039216,42621.94117647059,40452.17647058824,41659.490196078434,42401.313725490196
7.882352941176471,42580.23529411765,40373.294117647056,41608.705882352944,42354.41176470588
7.901960784313726,42538.529411764706,40294.41176470588,41557.921568627455,42307.509803921566
7.921568627450981,42496.82352941176,40215.529411764706,41507.13725490196,42260.60784313726
7.9411764705882355,42455.117647058825,40136.64705882353,41456.35294117647,42213.705882352944
7.96078431372549,42413.41176470588,40057.76470588235,41405.56862745098,42166.80392156863
7.980392156862745,42371.705882352944,39978.882352941175,41354.78431372549,42119.901960784315
8.019607843137255,42278.8431372549,39886.19607843137,41258.882352941175,42023.76470588235
8.03921568627451,42227.686274509804,39872.39215686275,41213.76470588235,41974.529411764706
8.058823529411764,42176.529411764706,39858.58823529412,41168.64705882353,41925.294117647056
8.07843137254902,42125.37254901961,39844.78431372549,41123.529411764706,41876.05882352941
8.098039215686274,42074.21568627451,39830.98039215686,41078.41176470588,41826.82352941176
8.117647058823529,42023.05882352941,39817.17647058824,41033.294117647056,41777.58823529412
8.137254901960784,41971.901960784315,39803.37254901961,40988.17647058824,41728.35294117647
8.156862745098039,41920.74509803922,39789.56862745098,40943.05882352941,41679.117647058825
8.176470588235293,41869.58823529412,39775.76470588235,40897.94117647059,41629.882352941175
8.196078431372548,41818.43137254902,39761.96078431373,40852.82352941176,41580.64705882353
8.215686274509803,41767.27450980392,39748.1568627451,40807.705882352944,41531.41176470588
8.235294117647058,41716.117647058825,39734.35294117647,40762.58823529412,41482.17647058824
8.254901960784313,41664.96078431373,39720.549019607846,40717.470588235294,41432.94117647059
8.27450980392157,41613.80392156863,39706.74509803922,40672.35294117647,41383.705882352944
8.294117647058824,41562.64705882353,39692.94117647059,40627.23529411765,41334.470588235294
8.313725490196079,41511.490196078434,39679.13725490196,40582.117647058825,41285.23529411765
8.333333333333334,41460.333333333336,39665.333333333336,40537.0,41236.0
8.352941176470589,41409.17647058824,39651.529411764706,40491.882352941175,41186.76470588235
8.372549019607844,41358.01960784314,39637.72549019608,40446.76470588235,41137.529411764706
8.392156862745098,41306.86274509804,39623.92156862745,40401.64705882353,41088.294117647056
8.411764705882353,41255.705882352944,39610.117647058825,40356.529411764706,41039.05882352941
8.431372549019608,41204.549019607846,39596.313725490196,40311.41176470588,40989.82352941176
8.450980392156863,41153.39215686275,39582.509803921566,40266.294117647056,40940.58823529412
8.470588235294118,41102.23529411765,39568.705882352944,40221.17647058824,40891.35294117647
8.490196078431373,41051.078431372545,39554.901960784315,40176.05882352941,40842.117647058825
8.509803921568627,40999.921568627455,39541.098039215685,40130.94117647059,40792.882352941175
8.529411764705882,40948.76470588235,39527.294117647056,40085.82352941176,40743.64705882353
8.549019607843137,40897.60784313725,39513.490196078434,40040.705882352944,40694.41176470588
8.568627450980392,40846.450980392154,39499.686274509804,39995.58823529412,40645.17647058824
8.588235294117647,40795.294117647056,39485.882352941175,39950.470588235294,40595.94117647059
8.607843137254902,40744.13725490196,39472.07843137255,39905.35294117647,40546.705882352944
8.627450980392156,40692.98039215686,39458.27450980392,39860.23529411765,40497.470588235294
8.647058823529411,40641.82352941176,39444.470588235294,39815.117647058825,40448.23529411765
8.666666666666666,40590.666666666664,39430.666666666664,39770.0,40399.0
8.686274509803921,40539.509803921566,39416.86274509804,39724.882352941175,40349.76470588235
8.705882352941176,40488.35294117647,39403.05882352941,39679.76470588235,40300.529411764706
8.72549019607843,40437.19607843137,39389.25490196078,39634.64705882353,40251.294117647056
8.745098039215687,40386.03921568627,39375.450980392154,39589.529411764706,40202.05882352941
8.764705882352942,40334.882352941175,39361.64705882353,39544.41176470588,40152.82352941176
8.784313725490197,40283.72549019608,39347.8431372549,39499.294117647056,40103.58823529412
8.803921568627452,40232.56862745098,39334.03921568627,39454.17647058824,40054.35294117647
8.823529411764707,40181.41176470588,39320.23529411765,39409.05882352941,40005.117647058825
8.843137254901961,40130.25490196078,39306.43137254902,39363.94117647059,39955.882352941175
8.862745098039216,40079.098039215685,39292.62745098039,39318.82352941176,39906.64705882353
8.882352941176471,40027.94117647059,39278.82352941176,39273.705882352944,39857.41176470588
8.901960784313726,39976.78431372549,39265.01960784314,39228.58823529412,39808.17647058824
8.92156862745098,39925.62745098039,39251.21568627451,39183.470588235294,39758.94117647059
8.941176470588236,39874.470588235294,39237.41176470588,39138.35294117647,39709.705882352944
8.96078431372549,39823.313725490196,39223.60784313725,39093.23529411765,39660.470588235294
8.980392156862745,39772.1568627451,39209.80392156863,39048.117647058825,39611.23529411765
9.019607843137255,39671.294117647056,39149.333333333336,38960.0,39520.705882352944
9.03921568627451,39621.58823529412,39102.666666666664,38917.0,39479.41176470588
9.058823529411764,39571.882352941175,39056.0,38874.0,39438.117647058825
9.07843137254902,39522.17647058824,39009.333333333336,38831.0,39396.82352941176
9.098039215686274,39472.470588235294,38962.666666666664,38788.0,39355.529411764706
9.117647058823529,39422.76470588235,38916.0,38745.0,39314.23529411765
9.137254901960784,39373.05882352941,38869.333333333336,38702.0,39272.94117647059
9.156862745098039,39323.35294117647,38822.666666666664,38659.0,39231.64705882353
9.176470588235293,39273.64705882353,38776.0,38616.0,39190.35294117647
9.196078431372548,39223.94117647059,38729.333333333336,38573.0,39149.05882352941
9.215686274509803,39174.23529411765,38682.666666666664,38530.0,39107.76470588235
9.235294117647058,39124.529411764706,38636.0,38487.0,39066.470588235294
9.254901960784313,39074.82352941176,38589.333333333336,38444.0,39025.17647058824
9.27450980392157,39025.117647058825,38542.666666666664,38401.0,38983.882352941175
9.294117647058824,38975.41176470588,38496.0,38358.0,38942.58823529412
9.313725490196079,38925.705882352944,38449.333333333336,38315.0,38901.294117647056
9.333333333333334,38876.0,38402.666666666664,38272.0,38860.0
9.352941176470589,38826.294117647056,38356.0,38229.0,38818.705882352944
9.372549019607844,38776.58823529412,38309.333333333336,38186.0,38777.41176470588
9.392156862745098,38726.882352941175,38262.666666666664,38143.0,38736.117647058825
9.411764705882353,38677.17647058824,38216.0,38100.0,38694.82352941176
9.431372549019608,38627.470588235294,38169.333333333336,38057.0,38653.529411764706
9.450980392156863,38577.76470588235,38122.666666666664,38014.0,38612.23529411765
9.470588235294118,38528.05882352941,38076.0,37971.0,38570.94117647059
9.490196078431373,38478.35294117647,38029.333333333336,37928.0,38529.64705882353
9.509803921568627,38428.64705882353,37982.666666666664,37885.0,38488.35294117647
9.529411764705882,38378.94117647059,37936.0,37842.0,38447.05882352941
9.549019607843137,38329.23529411765,37889.333333333336,37799.0,38405.76470588235
9.568627450980392,38279.529411764706,37842.666666666664,37756.0,38364.470588235294
9.588235294117647,38229.82352941176,37796.0,37713.0,38323.17647058824
9.607843137254902,38180.117647058825,37749.333333333336,37670.0,38281.882352941175
9.627450980392156,38130.41176470588,37702.666666666664,37627.0,38240.58823529412
9.647058823529411,38080.705882352944,37656.0,37584.0,38199.294117647056
9.666666666666666,38031.0,37609.333333333336,37541.0,38158.0
9.686274509803921,37981.294117647056,37562.666666666664,37498.0,38116.705882352944
9.705882352941176,37931.58823529412,37516.0,37455.0,38075.41176470588
9.72549019607843,37881.882352941175,37469.333333333336,37412.0,38034.117647058825
9.745098039215687,37832.17647058824,37422.666666666664,37369.0,37992.82352941176
9.764705882352942,37782.470588235294,37376.0,37326.0,37951.529411764706
9.784313725490197,37732.76470588235,37329.333333333336,37283.0,37910.23529411765
9.803921568627452,37683.05882352941,37282.666666666664,37240.0,37868.94117647059
9.823529411764707,37633.35294117647,37236.0,37197.0,37827.64705882353
9.843137254901961,37583.64705882353,37189.333333333336,37154.0,37786.35294117647
9.862745098039216,37533.94117647059,37142.666666666664,37111.0,37745.05882352941
9.882352941176471,37484.23529411765,37096.0,37068.0,37703.76470588235
9.901960784313726,37434.529411764706,37049.333333333336,37025.0,37662.470588235294
9.92156862745098,37384.82352941176,37002.666666666664,36982.0,37621.17647058824
9.941176470588236,37335.117647058825,36956.0,36939.0,37579.882352941175
9.96078431372549,37285.41176470588,36909.333333333336,36896.0,37538.58823529412
9.980392156862745,37235.705882352944,36862.666666666664,36853.0,37497.294117647056
10.019607843137255,37152.35294117647,36782.882352941175,36772.01960784314,37418.05882352941
10.03921568627451,37118.705882352944,36749.76470588235,36734.03921568627,37380.117647058825
10.058823529411764,37085.05882352941,36716.64705882353,36696.05882352941,37342.17647058824
10.07843137254902,37051.41176470588,36683.529411764706,36658.07843137255,37304.23529411765
10.098039215686274,37017.76470588235,36650.41176470588,36620.098039215685,37266.294117647056
10.117647058823529,36984.117647058825,36617.294117647056,36582.117647058825,37228.35294117647
10.137254901960784,36950.470588235294,36584.17647058824,36544.13725490196,37190.41176470588
10.156862745098039,36916.82352941176,36551.05882352941,36506.1568627451,37152.470588235294
10.176470588235293,36883.17647058824,36517.94117647059,36468.17647058824,37114.529411764706
10.196078431372548,36849.529411764706,36484.82352941176,36430.19607843137,37076.58823529412
10.215686274509803,36815.882352941175,36451.705882352944,36392.21568627451,37038.64705882353
10.235294117647058,36782.23529411765,36418.58823529412,36354.23529411765,37000.705882352944
10.254901960784313,36748.58823529412,36385.470588235294,36316.25490196078,36962.76470588235
10.27450980392157,36714.94117647059,36352.35294117647,36278.27450980392,36924.82352941176
10.294117647058824,36681.294117647056,36319.23529411765,36240.294117647056,36886.882352941175
10.313725490196079,36647.64705882353,36286.117647058825,36202.313725490196,36848.94117647059
10.333333333333334,36614.0,36253.0,36164.333333333336,36811.0
10.352941176470589,36580.35294117647,36219.882352941175,36126.35294117647,36773.05882352941
10.372549019607844,36546.705882352944,36186.76470588235,36088.37254901961,36735.117647058825
10.392156862745098,36513.05882352941,36153.64705882353,36050.39215686275,36697.17647058824
10.411764705882353,36479.41176470588,36120.529411764706,36012.41176470588,36659.23529411765
10.431372549019608,36445.76470588235,36087.41176470588,35974.43137254902,36621.294117647056
10.450980392156863,36412.117647058825,36054.294117647056,35936.450980392154,36583.35294117647
10.470588235294118,36378.470588235294,36021.17647058824,35898.470588235294,36545.41176470588
10.490196078431373,36344.82352941176,35988.05882352941,35860.490196078434,36507.470588235294
10.509803921568627,36311.17647058824,35954.94117647059,35822.509803921566,36469.529411764706
10.529411764705882,36277.529411764706,35921.82352941176,35784.529411764706,36431.58823529412
10.549019607843137,36243.882352941175,35888.705882352944,35746.549019607846,36393.64705882353
10.568627450980392,36210.23529411765,35855.58823529412,35708.56862745098,36355.705882352944
10.588235294117647,36176.58823529412,35822.470588235294,35670.58823529412,36317.76470588235
10.607843137254902,36142.94117647059,35789.35294117647,35632.60784313725,36279.82352941176
10.627450980392156,36109.294117647056,35756.23529411765,35594.62745098039,36241.882352941175
10.647058823529411,36075.64705882353,35723.117647058825,35556.64705882353,36203.94117647059
10.666666666666666,36042.0,35690.0,35518.666666666664,36166.0
10.686274509803921,36008.35294117647,35656.882352941175,35480.686274509804,36128.05882352941
10.705882352941176,35974.705882352944,35623.76470588235,35442.705882352944,36090.117647058825
10.72549019607843,35941.05882352941,35590.64705882353,35404.72549019608,36052.17647058824
10.745098039215687,35907.41176470588,35557.529411764706,35366.74509803922,36014.23529411765
10.764705882352942,35873.76470588235,35524.41176470588,35328.76470588235,35976.294117647056
10.784313725490197,35840.117647058825,35491.294117647056,35290.78431372549,35938.35294117647
10.803921568627452,35806.470588235294,35458.17647058824,35252.80392156863,35900.41176470588
10.823529411764707,35772.82352941176,35425.05882352941,35214.82352941176,35862.470588235294
10.843137254901961,35739.17647058824,35391.94117647059,35176.8431372549,35824.529411764706
10.862745098039216,35705.529411764706,35358.82352941176,35138.86274509804,35786.58823529412
10.882352941176471,35671.882352941175,35325.705882352944,35100.882352941175,35748.64705882353
10.901960784313726,35638.23529411765,35292.58823529412,35062.901960784315,35710.705882352944
10.92156862745098,35604.58823529412,35259.470588235294,35024.921568627455,35672.76470588235
10.941176470588236,35570.94117647059,35226.35294117647,34986.94117647059,35634.82352941176
10.96078431372549,35537.294117647056,35193.23529411765,34948.96078431373,35596.882352941175
10.980392156862745,35503.64705882353,35160.117647058825,34910.98039215686,35558.94117647059
11.019607843137255,35423.333333333336,35084.56862745098,34847.37254901961,35486.705882352944
11.03921568627451,35376.666666666664,35042.13725490196,34821.74509803922,35452.41176470588
11.058823529411764,35330.0,34999.705882352944,34796.117647058825,35418.117647058825
11.07843137254902,35283.333333333336,34957.27450980392,34770.490196078434,35383.82352941176
11.098039215686274,35236.666666666664,34914.8431372549,34744.86274509804,35349.529411764706
11.117647058823529,35190.0,34872.41176470588,34719.23529411765,35315.23529411765
11.137254901960784,35143.333333333336,34829.98039215686,34693.60784313725,35280.94117647059
11.156862745098039,35096.666666666664,34787.549019607846,34667.98039215686,35246.64705882353
11.176470588235293,35050.0,34745.117647058825,34642.35294117647,35212.35294117647
11.196078431372548,35003.333333333336,34702.686274509804,34616.72549019608,35178.05882352941
11.215686274509803,34956.666666666664,34660.25490196078,34591.098039215685,35143.76470588235
11.235294117647058,34910.0,34617.82352941176,34565.470588235294,35109.470588235294
11.254901960784313,34863.333333333336,34575.39215686275,34539.8431372549,35075.17647058824
11.27450980392157,34816.666666666664,34532.96078431373,34514.21568627451,35040.882352941175
11.294117647058824,34770.0,34490.529411764706,34488.58823529412,35006.58823529412
11.313725490196079,34723.333333333336,34448.098039215685,34462.96078431373,34972.294117647056
11.333333333333334,34676.666666666664,34405.666666666664,34437.333333333336,34938.0
11.352941176470589,34630.0,34363.23529411765,34411.705882352944,34903.705882352944
11.372549019607844,34583.333333333336,34320.80392156863,34386.07843137255,34869.41176470588
11.392156862745098,34536.666666666664,34278.37254901961,34360.450980392154,34835.117647058825
11.411764705882353,34490.0,34235.94117647059,34334.82352941176,34800.82352941176
11.431372549019608,34443.333333333336,34193.509803921566,34309.19607843137,34766.529411764706
11.450980392156863,34396.666666666664,34151.07843137255,34283.56862745098,34732.23529411765
11.470588235294118,34350.0,34108.64705882353,34257.94117647059,34697.94117647059
11.490196078431373,34303.333333333336,34066.21568627451,34232.313725490196,34663.64705882353
11.509803921568627,34256.666666666664,34023.78431372549,34206.686274509804,34629.35294117647
11.529411764705882,34210.0,33981.35294117647,34181.05882352941,34595.05882352941
11.549019607843137,34163.333333333336,33938.921568627455,34155.43137254902,34560.76470588235
11.568627450980392,34116.666666666664,33896.490196078434,34129.80392156863,34526.470588235294
11.588235294117647,34070.0,33854.05882352941,34104.17647058824,34492.17647058824
11.607843137254902,34023.333333333336,33811.62745098039,34078.549019607846,34457.882352941175
11.627450980392156,33976.666666666664,33769.19607843137,34052.92156862745,34423.58823529412
11.647058823529411,33930.0,33726.76470588235,34027.294117647056,34389.294117647056
11.666666666666666,33883.333333333336,33684.333333333336,34001.666666666664,34355.0
11.686274509803921,33836.666666666664,33641.901960784315,33976.03921568627,34320.705882352944
11.705882352941176,33790.0,33599.470588235294,33950.41176470588,34286.41176470588
11.72549019607843,33743.333333333336,33557.03921568627,33924.78431372549,34252.117647058825
11.745098039215687,33696.666666666664,33514.60784313725,33899.1568627451,34217.82352941176
11.764705882352942,33650.0,33472.17647058824,33873.529411764706,34183.529411764706
11.784313725490197,33603.333333333336,33429.74509803922,33847.901960784315,34149.23529411765
11.803921568627452,33556.666666666664,33387.313725490196,33822.27450980392,34114.94117647059
11.823529411764707,33510.0,33344.882352941175,33796.64705882353,34080.64705882353
11.843137254901961,33463.333333333336,33302.450980392154,33771.01960784314,34046.35294117647
11.862745098039216,33416.666666666664,33260.01960784314,33745.39215686275,34012.05882352941
11.882352941176471,33370.0,33217.58823529412,33719.76470588235,33977.76470588235
11.901960784313726,33323.333333333336,33175.1568627451,33694.13725490196,33943.470588235294
11.92156862745098,33276.666666666664,33132.72549019608,33668.509803921566,33909.17647058824
11.941176470588236,33230.0,33090.294117647056,33642.882352941175,33874.882352941175
11.96078431372549,33183.333333333336,33047.86274509804,33617.25490196078,33840.58823529412
11.980392156862745,33136.666666666664,33005.43137254902,33591.62745098039,33806.294117647056
12.019607843137255,33064.03921568627,32944.13725490196,33527.03921568627,33744.1568627451
12.03921568627451,33038.07843137255,32925.27450980392,33488.07843137255,33716.313725490196
12.058823529411764,33012.117647058825,32906.41176470588,33449.117647058825,33688.470588235294
12.07843137254902,32986.1568627451,32887.549019607846,33410.1568627451,33660.62745098039
12.098039215686274,32960.19607843137,32868.686274509804,33371.19607843137,33632.78431372549
12.117647058823529,32934.23529411765,32849.82352941176,33332.23529411765,33604.94117647059
12.137254901960784,32908.27450980392,32830.96078431373,33293.27450980392,33577.098039215685
12.156862745098039,32882.313725490196,32812.098039215685,33254.313725490196,33549.25490196078
12.176470588235293,32856.35294117647,32793.23529411765,33215.35294117647,33521.41176470588
12.196078431372548,32830.39215686275,32774.37254901961,33176.39215686275,33493.56862745098
12.215686274509803,32804.43137254902,32755.50980392157,33137.43137254902,33465.72549019608
12.235294117647058,32778.470588235294,32736.647058823528,33098.470588235294,33437.882352941175
12.254901960784313,32752.50980392157,32717.78431372549,33059.509803921566,33410.03921568627
12.27450980392157,32726.549019607843,32698.92156862745,33020.549019607846,33382.19607843137
12.294117647058824,32700.58823529412,32680.058823529413,32981.58823529412,33354.35294117647
12.313725490196079,32674.62745098039,32661.196078431374,32942.62745098039,33326.509803921566
12.333333333333334,32648.666666666668,32642.333333333332,32903.666666666664,33298.666666666664
12.352941176470589,32622.70588235294,32623.470588235294,32864.705882352944,33270.82352941176
12.372549019607844,32596.745098039217,32604.607843137255,32825.74509803922,33242.98039215686
12.392156862745098,32570.78431372549,32585.745098039217,32786.78431372549,33215.13725490196
12.411764705882353,32544.823529411766,32566.882352941175,32747.823529411766,33187.294117647056
12.431372549019608,32518.86274509804,32548.019607843136,32708.86274509804,33159.450980392154
12.450980392156863,32492.901960784315,32529.156862745098,32669.901960784315,33131.60784313725
12.470588235294118,32466.941176470587,32510.29411764706,32630.941176470587,33103.76470588235
12.490196078431373,32440.980392156864,32491.43137254902,32591.980392156864,33075.92156862745
12.509803921568627,32415.019607843136,32472.56862745098,32553.019607843136,33048.078431372545
12.529411764705882,32389.058823529413,32453.70588235294,32514.058823529413,33020.23529411765
12.549019607843137,32363.098039215685,32434.843137254902,32475.098039215685,32992.39215686275
12.568627450980392,32337.13725490196,32415.980392156864,32436.13725490196,32964.549019607846
12.588235294117647,32311.176470588234,32397.117647058825,32397.176470588234,32936.705882352944
12.607843137254902,32285.21568627451,32378.254901960783,32358.21568627451,32908.86274509804
12.627450980392156,32259.254901960783,32359.392156862745,32319.254901960783,32881.01960784314
12.647058823529411,32233.29411764706,32340.529411764706,32280.29411764706,32853.17647058824
12.666666666666666,32207.333333333332,32321.666666666668,32241.333333333332,32825.333333333336
12.686274509803921,32181.37254901961,32302.803921568626,32202.37254901961,32797.490196078434
12.705882352941176,32155.41176470588,32283.941176470587,32163.41176470588,32769.64705882353
12.72549019607843,32129.450980392157,32265.07843137255,32124.450980392157,32741.803921568626
12.745098039215687,32103.49019607843,32246.21568627451,32085.49019607843,32713.960784313727
12.764705882352942,32077.529411764706,32227.352941176472,32046.529411764706,32686.117647058825
12.784313725490197,32051.56862745098,32208.49019607843,32007.56862745098,32658.274509803923
12.803921568627452,32025.607843137255,32189.62745098039,31968.607843137255,32630.43137254902
12.823529411764707,31999.647058823528,32170.764705882353,31929.647058823528,32602.58823529412
12.843137254901961,31973.686274509804,32151.901960784315,31890.686274509804,32574.745098039217
12.862745098039216,31947.725490196077,32133.039215686273,31851.725490196077,32546.901960784315
12.882352941176471,31921.764705882353,32114.176470588234,31812.764705882353,32519.058823529413
12.901960784313726,31895.803921568626,32095.313725490196,31773.803921568626,32491.21568627451
12.92156862745098,31869.843137254902,32076.450980392157,31734.843137254902,32463.37254901961
12.941176470588236,31843.882352941175,32057.58823529412,31695.882352941175,32435.529411764706
12.96078431372549,31817.92156862745,32038.725490196077,31656.92156862745,32407.686274509804
12.980392156862745,31791.960784313727,32019.86274509804,31617.960784313727,32379.843137254902
13.019607843137255,31732.70588235294,31985.352941176472,31555.333333333332,32317.86274509804
13.03921568627451,31699.41176470588,31969.70588235294,31531.666666666668,32283.725490196077
13.058823529411764,31666.117647058825,31954.058823529413,31508.0,32249.58823529412
13.07843137254902,31632.823529411766,31938.41176470588,31484.333333333332,32215.450980392157
13.098039215686274,31599.529411764706,31922.764705882353,31460.666666666668,32181.313725490196
13.117647058823529,31566.235294117647,31907.117647058825,31437.0,32147.176470588234
13.137254901960784,31532.941176470587,31891.470588235294,31413.333333333332,32113.039215686273
13.156862745098039,31499.647058823528,31875.823529411766,31389.666666666668,32078.901960784315
13.176470588235293,31466.352941176472,31860.176470588234,31366.0,32044.764705882353
13.196078431372548,31433.058823529413,31844.529411764706,31342.333333333332,32010.62745098039
13.215686274509803,31399.764705882353,31828.882352941175,31318.666666666668,31976.49019607843
13.235294117647058,31366.470588235294,31813.235294117647,31295.0,31942.352941176472
13.254901960784313,31333.176470588234,31797.58823529412,31271.333333333332,31908.21568627451
13.27450980392157,31299.882352941175,31781.941176470587,31247.666666666668,31874.07843137255
13.294117647058824,31266.58823529412,31766.29411764706,31224.0,31839.941176470587
13.313725490196079,31233.29411764706,31750.647058823528,31200.333333333332,31805.803921568626
13.333333333333334,31200.0,31735.0,31176.666666666668,31771.666666666668
13.352941176470589,31166.70588235294,31719.352941176472,31153.0,31737.529411764706
13.372549019607844,31133.41176470588,31703.70588235294,31129.333333333332,31703.392156862745
13.392156862745098,31100.117647058825,31688.058823529413,31105.666666666668,31669.254901960783
13.411764705882353,31066.823529411766,31672.41176470588,31082.0,31635.117647058825
13.431372549019608,31033.529411764706,31656.764705882353,31058.333333333332,31600.980392156864
13.450980392156863,31000.235294117647,31641.117647058825,31034.666666666668,31566.843137254902
13.470588235294118,30966.941176470587,31625.470588235294,31011.0,31532.70588235294
13.490196078431373,30933.647058823528,31609.823529411766,30987.333333333332,31498.56862745098
13.509803921568627,30900.352941176472,31594.176470588234,30963.666666666668,31464.43137254902
13.529411764705882,30867.058823529413,31578.529411764706,30940.0,31430.29411764706
13.549019607843137,30833.764705882353,31562.882352941175,30916.333333333332,31396.156862745098
13.568627450980392,30800.470588235294,31547.235294117647,30892.666666666668,31362.019607843136
13.588235294117647,30767.176470588234,31531.58823529412,30869.0,31327.882352941175
13.607843137254902,30733.882352941175,31515.941176470587,30845.333333333332,31293.745098039217
13.627450980392156,30700.58823529412,31500.29411764706,30821.666666666668,31259.607843137255
13.647058823529411,30667.29411764706,31484.647058823528,30798.0,31225.470588235294
13.666666666666666,30634.0,31469.0,30774.333333333332,31191.333333333332
13.686274509803921,30600.70588235294,31453.352941176472,30750.666666666668,31157.19607843137
13.705882352941176,30567.41176470588,31437.70588235294,30727.0,31123.058823529413
13.72549019607843,30534.117647058825,31422.058823529413,30703.333333333332,31088.92156862745
13.745098039215687,30500.823529411766,31406.41176470588,30679.666666666668,31054.78431372549
13.764705882352942,30467.529411764706,31390.764705882353,30656.0,31020.647058823528
13.784313725490197,30434.235294117647,31375.117647058825,30632.333333333332,30986.50980392157
13.803921568627452,30400.941176470587,31359.470588235294,30608.666666666668,30952.37254901961
13.823529411764707,30367.647058823528,31343.823529411766,30585.0,30918.235294117647
13.843137254901961,30334.352941176472,31328.176470588234,30561.333333333332,30884.098039215685
13.862745098039216,30301.058823529413,31312.529411764706,30537.666666666668,30849.960784313724
13.882352941176471,30267.764705882353,31296.882352941175,30514.0,30815.823529411766
13.901960784313726,30234.470588235294,31281.235294117647,30490.333333333332,30781.686274509804
13.92156862745098,30201.176470588234,31265.58823529412,30466.666666666668,30747.549019607843
13.941176470588236,30167.882352941175,31249.941176470587,30443.0,30713.41176470588
13.96078431372549,30134.58823529412,31234.29411764706,30419.333333333332,30679.274509803923
13.980392156862745,30101.29411764706,31218.647058823528,30395.666666666668,30645.13725490196
14.019607843137255,30002.882352941175,31134.41176470588,30338.49019607843,30543.549019607843
14.03921568627451,29937.764705882353,31065.823529411766,30304.980392156864,30476.098039215685
14.058823529411764,29872.647058823528,30997.235294117647,30271.470588235294,30408.647058823528
14.07843137254902,29807.529411764706,30928.647058823528,30237.960784313724,30341.196078431374
14.098039215686274,29742.41176470588,30860.058823529413,30204.450980392157,30273.745098039217
14.117647058823529,29677.29411764706,30791.470588235294,30170.941176470587,30206.29411764706
14.137254901960784,29612.176470588234,30722.882352941175,30137.43137254902,30138.843137254902
14.156862745098039,29547.058823529413,30654.29411764706,30103.92156862745,30071.392156862745
14.176470588235293,29481.941176470587,30585.70588235294,30070.41176470588,30003.941176470587
14.196078431372548,29416.823529411766,30517.117647058825,30036.901960784315,29936.49019607843
14.215686274509803,29351.70588235294,30448.529411764706,30003.392156862745,29869.039215686273
14.235294117647058,29286.58823529412,30379.941176470587,29969.882352941175,29801.58823529412
14.254901960784313,29221.470588235294,30311.352941176472,29936.37254901961,29734.13725490196
14.27450980392157,29156.352941176472,30242.764705882353,29902.86274509804,29666.686274509804
14.294117647058824,29091.235294117647,30174.176470588234,29869.352941176472,29599.235294117647
14.313725490196079,29026.117647058825,30105.58823529412,29835.843137254902,29531.78431372549
14.333333333333334,28961.0,30037.0,29802.333333333332,29464.333333333332
14.352941176470589,28895.882352941175,29968.41176470588,29768.823529411766,29396.882352941175
14.372549019607844,28830.764705882353,29899.823529411766,29735.313725490196,29329.43137254902
14.392156862745098,28765.647058823528,29831.235294117647,29701.803921568626,29261.980392156864
14.411764705882353,28700.529411764706,29762.647058823528,29668.29411764706,29194.529411764706
14.431372549019608,28635.41176470588,29694.058823529413,29634.78431372549,29127.07843137255
14.450980392156863,28570.29411764706,29625.470588235294,29601.274509803923,29059.62745098039
14.470588235294118,28505.176470588234,29556.882352941175,29567.764705882353,28992.176470588234
14.490196078431373,28440.058823529413,29488.29411764706,29534.254901960783,28924.725490196077
14.509803921568627,28374.941176470587,29419.70588235294,29500.745098039217,28857.274509803923
14.529411764705882,28309.823529411766,29351.117647058825,29467.235294117647,28789.823529411766
14.549019607843137,28244.70588235294,29282.529411764706,29433.725490196077,28722.37254901961
14.568627450980392,28179.58823529412,29213.941176470587,29400.21568627451,28654.92156862745
14.588235294117647,28114.470588235294,29145.35294117647,29366.70588235294,28587.470588235294
14.607843137254902,28049.35294117647,29076.764705882353,29333.196078431374,28520.019607843136
14.627450980392156,27984.235294117647,29008.176470588234,29299.686274509804,28452.56862745098
14.647058823529411,27919.117647058825,28939.58823529412,29266.176470588234,28385.117647058825
14.666666666666666,27854.0,28871.0,29232.666666666668,28317.666666666668
14.686274509803921,27788.882352941175,28802.41176470588,29199.156862745098,28250.21568627451
14.705882352941176,27723.764705882353,28733.823529411766,29165.647058823528,28182.764705882353
14.72549019607843,27658.647058823528,28665.235294117647,29132.13725490196,28115.313725490196
14.745098039215687,27593.529411764706,28596.647058823528,29098.62745098039,28047.86274509804
14.764705882352942,27528.41176470588,28528.058823529413,29065.117647058825,27980.41176470588
14.784313725490197,27463.29411764706,28459.470588235294,29031.607843137255,27912.960784313727
14.803921568627452,27398.176470588234,28390.882352941175,28998.098039215685,27845.50980392157
14.823529411764707,27333.058823529413,28322.29411764706,28964.58823529412,27778.058823529413
14.843137254901961,27267.941176470587,28253.70588235294,28931.07843137255,27710.607843137255
14.862745098039216,27202.823529411766,28185.117647058825,28897.56862745098,27643.156862745098
14.882352941176471,27137.70588235294,28116.529411764706,28864.058823529413,27575.70588235294
14.901960784313726,27072.58823529412,28047.941176470587,28830.549019607843,27508.254901960783
14.92156862745098,27007.470588235294,27979.35294117647,28797.039215686276,27440.803921568626
14.941176470588236,26942.35294117647,27910.764705882353,28763.529411764706,27373.35294117647
14.96078431372549,26877.235294117647,27842.176470588234,28730.019607843136,27305.901960784315
14.980392156862745,26812.117647058825,27773.58823529412,28696.50980392157,27238.450980392157
15.019607843137255,26759.0,27692.529411764706,28624.62745098039,27178.156862745098
15.03921568627451,26771.0,27680.058823529413,28586.254901960783,27185.313725490196
15.058823529411764,26783.0,27667.58823529412,28547.882352941175,27192.470588235294
15.07843137254902,26795.0,27655.117647058825,28509.50980392157,27199.62745098039
15.098039215686274,26807.0,27642.647058823528,28471.13725490196,27206.78431372549
15.117647058823529,26819.0,27630.176470588234,28432.764705882353,27213.941176470587
15.137254901960784,26831.0,27617.70588235294,28394.392156862745,27221.098039215685
15.156862745098039,26843.0,27605.235294117647,28356.019607843136,27228.254901960783
15.176470588235293,26855.0,27592.764705882353,28317.647058823528,27235.41176470588
15.196078431372548,26867.0,27580.29411764706,28279.274509803923,27242.56862745098
15.215686274509803,26879.0,27567.823529411766,28240.901960784315,27249.725490196077
15.235294117647058,26891.0,27555.352941176472,28202.529411764706,27256.882352941175
15.254901960784313,26903.0,27542.882352941175,28164.156862745098,27264.039215686276
15.27450980392157,26915.0,27530.41176470588,28125.78431372549,27271.196078431374
15.294117647058824,26927.0,27517.941176470587,28087.41176470588,27278.352941176472
15.313725490196079,26939.0,27505.470588235294,28049.039215686273,27285.50980392157
15.333333333333334,26951.0,27493.0,28010.666666666668,27292.666666666668
15.352941176470589,26963.0,27480.529411764706,27972.29411764706,27299.823529411766
15.372549019607844,26975.0,27468.058823529413,27933.92156862745,27306.980392156864
15.392156862745098,26987.0,27455.58823529412,27895.549019607843,27314.13725490196
15.411764705882353,26999.0,27443.117647058825,27857.176470588234,27321.29411764706
15.431372549019608,27011.0,27430.647058823528,27818.803921568626,27328.450980392157
15.450980392156863,27023.0,27418.176470588234,27780.43137254902,27335.607843137255
15.470588235294118,27035.0,27405.70588235294,27742.058823529413,27342.764705882353
15.490196078431373,27047.0,27393.235294117647,27703.686274509804,27349.92156862745
15.509803921568627,27059.0,27380.764705882353,27665.313725490196,27357.07843137255
15.529411764705882,27071.0,27368.29411764706,27626.941176470587,27364.235294117647
15.549019607843137,27083.0,27355.823529411766,27588.56862745098,27371.392156862745
15.568627450980392,27095.0,27343.352941176472,27550.19607843137,27378.549019607843
15.588235294117647,27107.0,27330.882352941175,27511.823529411766,27385.70588235294
15.607843137254902,27119.0,27318.41176470588,27473.450980392157,27392.86274509804
15.627450980392156,27131.0,27305.941176470587,27435.07843137255,27400.019607843136
15.647058823529411,27143.0,27293.470588235294,27396.70588235294,27407.176470588234
15.666666666666666,27155.0,27281.0,27358.333333333332,27414.333333333332
15.686274509803921,27167.0,27268.529411764706,27319.960784313727,27421.49019607843
15.705882352941176,27179.0,27256.058823529413,27281.58823529412,27428.647058823528
15.72549019607843,27191.0,27243.58823529412,27243.21568627451,27435.803921568626
15.745098039215687,27203.0,27231.117647058825,27204.843137254902,27442.960784313727
15.764705882352942,27215.0,27218.647058823528,27166.470588235294,27450.117647058825
15.784313725490197,27227.0,27206.176470588234,27128.098039215685,27457.274509803923
15.803921568627452,27239.0,27193.70588235294,27089.725490196077,27464.43137254902
15.823529411764707,27251.0,27181.235294117647,27051.352941176472,27471.58823529412
15.843137254901961,27263.0,27168.764705882353,27012.980392156864,27478.745098039217
15.862745098039216,27275.0,27156.29411764706,26974.607843137255,27485.901960784315
15.882352941176471,27287.0,27143.823529411766,26936.235294117647,27493.058823529413
15.901960784313726,27299.0,27131.352941176472,26897.86274509804,27500.21568627451
15.92156862745098,27311.0,27118.882352941175,26859.49019607843,27507.37254901961
15.941176470588236,27323.0,27106.41176470588,26821.117647058825,27514.529411764706
15.96078431372549,27335.0,27093.941176470587,26782.745098039217,27521.686274509804
15.980392156862745,27347.0,27081.470588235294,26744.37254901961,27528.843137254902
16.019607843137255,27326.70588235294,27044.70588235294,26692.196078431374,27511.352941176472
16.03921568627451,27294.41176470588,27020.41176470588,26678.392156862745,27486.70588235294
16.058823529411764,27262.117647058825,26996.117647058825,26664.58823529412,27462.058823529413
16.07843137254902,27229.823529411766,26971.823529411766,26650.78431372549,27437.41176470588
16.098039215686274,27197.529411764706,26947.529411764706,26636.980392156864,27412.764705882353
16.11764705882353,27165.235294117647,26923.235294117647,26623.176470588234,27388.117647058825
16.137254901960784,27132.941176470587,26898.941176470587,26609.37254901961,27363.470588235294
16.15686274509804,27100.647058823528,26874.647058823528,26595.56862745098,27338.823529411766
16.176470588235293,27068.352941176472,26850.352941176472,26581.764705882353,27314.176470588234
16.19607843137255,27036.058823529413,26826.058823529413,26567.960784313724,27289.529411764706
16.215686274509803,27003.764705882353,26801.764705882353,26554.156862745098,27264.882352941175
16.235294117647058,26971.470588235294,26777.470588235294,26540.352941176472,27240.235294117647
16.254901960784313,26939.176470588234,26753.176470588234,26526.549019607843,27215.58823529412
16.274509803921568,26906.882352941175,26728.882352941175,26512.745098039217,27190.941176470587
16.294117647058822,26874.58823529412,26704.58823529412,26498.941176470587,27166.29411764706
16.313725490196077,26842.29411764706,26680.29411764706,26485.13725490196,27141.647058823528
16.333333333333332,26810.0,26656.0,26471.333333333332,27117.0
16.352941176470587,26777.70588235294,26631.70588235294,26457.529411764706,27092.352941176472
16.372549019607842,26745.41176470588,26607.41176470588,26443.725490196077,27067.70588235294
16.392156862745097,26713.117647058825,26583.117647058825,26429.92156862745,27043.058823529413
16.41176470588235,26680.823529411766,26558.823529411766,26416.117647058825,27018.41176470588
16.431372549019606,26648.529411764706,26534.529411764706,26402.313725490196,26993.764705882353
16.45098039215686,26616.235294117647,26510.235294117647,26388.50980392157,26969.117647058825
16.470588235294116,26583.941176470587,26485.941176470587,26374.70588235294,26944.470588235294
16.49019607843137,26551.647058823528,26461.647058823528,26360.901960784315,26919.823529411766
16.509803921568626,26519.352941176472,26437.352941176472,26347.098039215685,26895.176470588234
16.529411764705884,26487.058823529413,26413.058823529413,26333.29411764706,26870.529411764706
16.54901960784314,26454.764705882353,26388.764705882353,26319.49019607843,26845.882352941175
16.568627450980394,26422.470588235294,26364.470588235294,26305.686274509804,26821.235294117647
16.58823529411765,26390.176470588234,26340.176470588234,26291.882352941175,26796.58823529412
16.607843137254903,26357.882352941175,26315.882352941175,26278.07843137255,26771.941176470587
16.627450980392158,26325.58823529412,26291.58823529412,26264.274509803923,26747.29411764706
16.647058823529413,26293.29411764706,26267.29411764706,26250.470588235294,26722.647058823528
16.666666666666668,26261.0,26243.0,26236.666666666668,26698.0
16.686274509803923,26228.70588235294,26218.70588235294,26222.86274509804,26673.352941176472
16.705882352941178,26196.41176470588,26194.41176470588,26209.058823529413,26648.70588235294
16.725490196078432,26164.117647058825,26170.117647058825,26195.254901960783,26624.058823529413
16.745098039215687,26131.823529411766,26145.823529411766,26181.450980392157,26599.41176470588
16.764705882352942,26099.529411764706,26121.529411764706,26167.647058823528,26574.764705882353
16.784313725490197,26067.235294117647,26097.235294117647,26153.843137254902,26550.117647058825
16.80392156862745,26034.941176470587,26072.941176470587,26140.039215686273,26525.470588235294
16.823529411764707,26002.647058823528,26048.647058823528,26126.235294117647,26500.823529411766
16.84313725490196,25970.352941176472,26024.352941176472,26112.43137254902,26476.176470588234
16.862745098039216,25938.058823529413,26000.058823529413,26098.62745098039,26451.529411764706
16.88235294117647,25905.764705882353,25975.764705882353,26084.823529411766,26426.882352941175
16.901960784313726,25873.470588235294,25951.470588235294,26071.019607843136,26402.235294117647
16.92156862745098,25841.176470588234,25927.176470588234,26057.21568627451,26377.58823529412
16.941176470588236,25808.882352941175,25902.882352941175,26043.41176470588,26352.941176470587
16.96078431372549,25776.58823529412,25878.58823529412,26029.607843137255,26328.29411764706
16.980392156862745,25744.29411764706,25854.29411764706,26015.803921568626,26303.647058823528
17.019607843137255,25670.882352941175,25780.980392156864,25957.50980392157,26228.960784313724
17.03921568627451,25629.764705882353,25731.960784313724,25913.019607843136,26178.92156862745
17.058823529411764,25588.647058823528,25682.941176470587,25868.529411764706,26128.882352941175
17.07843137254902,25547.529411764706,25633.92156862745,25824.039215686276,26078.843137254902
17.098039215686274,25506.41176470588,25584.901960784315,25779.549019607843,26028.803921568626
17.11764705882353,25465.29411764706,25535.882352941175,25735.058823529413,25978.764705882353
17.137254901960784,25424.176470588234,25486.86274509804,25690.56862745098,25928.725490196077
17.15686274509804,25383.058823529413,25437.843137254902,25646.07843137255,25878.686274509804
17.176470588235293,25341.941176470587,25388.823529411766,25601.58823529412,25828.647058823528
17.19607843137255,25300.823529411766,25339.803921568626,25557.098039215685,25778.607843137255
17.215686274509803,25259.70588235294,25290.78431372549,25512.607843137255,25728.56862745098
17.235294117647058,25218.58823529412,25241.764705882353,25468.117647058825,25678.529411764706
17.254901960784313,25177.470588235294,25192.745098039217,25423.62745098039,25628.49019607843
17.274509803921568,25136.352941176472,25143.725490196077,25379.13725490196,25578.450980392157
17.294117647058822,25095.235294117647,25094.70588235294,25334.647058823528,25528.41176470588
17.313725490196077,25054.117647058825,25045.686274509804,25290.156862745098,25478.37254901961
17.333333333333332,25013.0,24996.666666666668,25245.666666666668,25428.333333333332
17.352941176470587,24971.882352941175,24947.647058823528,25201.176470588234,25378.29411764706
17.372549019607842,24930.764705882353,24898.62745098039,25156.686274509804,25328.254901960783
17.392156862745097,24889.647058823528,24849.607843137255,25112.196078431374,25278.21568627451
17.41176470588235,24848.529411764706,24800.58823529412,25067.70588235294,25228.176470588234
17.431372549019606,24807.41176470588,24751.56862745098,25023.21568627451,25178.13725490196
17.45098039215686,24766.29411764706,24702.549019607843,24978.725490196077,25128.098039215685
17.470588235294116,24725.176470588234,24653.529411764706,24934.235294117647,25078.058823529413
17.49019607843137,24684.058823529413,24604.50980392157,24889.745098039217,25028.019607843136
17.509803921568626,24642.941176470587,24555.49019607843,24845.254901960783,24977.980392156864
17.529411764705884,24601.823529411766,24506.470588235294,24800.764705882353,24927.941176470587
17.54901960784314,24560.70588235294,24457.450980392157,24756.274509803923,24877.901960784315
17.568627450980394,24519.58823529412,24408.43137254902,24711.78431372549,24827.86274509804
17.58823529411765,24478.470588235294,24359.41176470588,24667.29411764706,24777.823529411766
17.607843137254903,24437.352941176472,24310.392156862745,24622.803921568626,24727.78431372549
17.627450980392158,24396.235294117647,24261.37254901961,24578.313725490196,24677.745098039217
17.647058823529413,24355.117647058825,24212.352941176472,24533.823529411766,24627.70588235294
17.666666666666668,24314.0,24163.333333333332,24489.333333333332,24577.666666666668
17.686274509803923,24272.882352941175,24114.313725490196,24444.843137254902,24527.62745098039
17.705882352941178,24231.764705882353,24065.29411764706,24400.352941176472,24477.58823529412
17.725490196078432,24190.647058823528,24016.274509803923,24355.86274509804,24427.549019607843
17.745098039215687,24149.529411764706,23967.254901960783,24311.37254901961,24377.50980392157
17.764705882352942,24108.41176470588,23918.235294117647,24266.882352941175,24327.470588235294
17.784313725490197,24067.29411764706,23869.21568627451,24222.392156862745,24277.43137254902
17.80392156862745,24026.176470588234,23820.19607843137,24177.901960784315,24227.392156862745
17.823529411764707,23985.058823529413,23771.176470588234,24133.41176470588,24177.352941176472
17.84313725490196,23943.941176470587,23722.156862745098,24088.92156862745,24127.313725490196
17.862745098039216,23902.823529411766,23673.13725490196,24044.43137254902,24077.274509803923
17.88235294117647,23861.70588235294,23624.117647058825,23999.941176470587,24027.235294117647
17.901960784313726,23820.58823529412,23575.098039215685,23955.450980392157,23977.19607843137
17.92156862745098,23779.470588235294,23526.07843137255,23910.960784313727,23927.156862745098
17.941176470588236,23738.352941176472,23477.058823529413,23866.470588235294,23877.117647058825
17.96078431372549,23697.235294117647,23428.039215686273,23821.980392156864,23827.07843137255
17.980392156862745,23656.117647058825,23379.019607843136,23777.49019607843,23777.039215686273
18.019607843137255,23609.764705882353,23328.549019607843,23725.254901960783,23719.882352941175
18.03921568627451,23604.529411764706,23327.098039215685,23717.50980392157,23712.764705882353
18.058823529411764,23599.29411764706,23325.647058823528,23709.764705882353,23705.647058823528
18.07843137254902,23594.058823529413,23324.196078431374,23702.019607843136,23698.529411764706
18.098039215686274,23588.823529411766,23322.745098039217,23694.274509803923,23691.41176470588
18.11764705882353,23583.58823529412,23321.29411764706,23686.529411764706,23684.29411764706
18.137254901960784,23578.352941176472,23319.843137254902,23678.78431372549,23677.176470588234
18.15686274509804,23573.117647058825,23318.392156862745,23671.039215686276,23670.058823529413
18.176470588235293,23567.882352941175,23316.941176470587,23663.29411764706,23662.941176470587
18.19607843137255,23562.647058823528,23315.49019607843,23655.549019607843,23655.823529411766
18.215686274509803,23557.41176470588,23314.039215686276,23647.803921568626,23648.70588235294
18.235294117647058,23552.176470588234,23312.58823529412,23640.058823529413,23641.58823529412
18.254901960784313,23546.941176470587,23311.13725490196,23632.313725490196,23634.470588235294
18.274509803921568,23541.70588235294,23309.686274509804,23624.56862745098,23627.352941176472
18.294117647058822,23536.470588235294,23308.235294117647,23616.823529411766,23620.235294117647
18.313725490196077,23531.235294117647,23306.78431372549,23609.07843137255,23613.117647058825
18.333333333333332,23526.0,23305.333333333332,23601.333333333332,23606.0
18.352941176470587,23520.764705882353,23303.882352941175,23593.58823529412,23598.882352941175
18.372549019607842,23515.529411764706,23302.43137254902,23585.843137254902,23591.764705882353
18.392156862745097,23510.29411764706,23300.980392156864,23578.098039215685,23584.647058823528
18.41176470588235,23505.058823529413,23299.529411764706,23570.352941176472,23577.529411764706
18.431372549019606,23499.823529411766,23298.07843137255,23562.607843137255,23570.41176470588
18.45098039215686,23494.58823529412,23296.62745098039,23554.86274509804,23563.29411764706
18.470588235294116,23489.352941176472,23295.176470588234,23547.117647058825,23556.176470588234
18.49019607843137,23484.117647058825,23293.725490196077,23539.37254901961,23549.058823529413
18.509803921568626,23478.882352941175,23292.274509803923,23531.62745098039,23541.941176470587
18.529411764705884,23473.647058823528,23290.823529411766,23523.882352941175,23534.823529411766
18.54901960784314,23468.41176470588,23289.37254901961,23516.13725490196,23527.70588235294
18.568627450980394,23463.176470588234,23287.92156862745,23508.392156862745,23520.58823529412
18.58823529411765,23457.941176470587,23286.470588235294,23500.647058823528,23513.470588235294
18.607843137254903,23452.70588235294,23285.019607843136,23492.901960784315,23506.352941176472
18.627450980392158,23447.470588235294,23283.56862745098,23485.156862745098,23499.235294117647
18.647058823529413,23442.235294117647,23282.117647058825,23477.41176470588,23492.117647058825
18.666666666666668,23437.0,23280.666666666668,23469.666666666668,23485.0
18.686274509803923,23431.764705882353,23279.21568627451,23461.92156862745,23477.882352941175
18.705882352941178,23426.529411764706,23277.764705882353,23454.176470588234,23470.764705882353
18.725490196078432,23421.29411764706,23276.313725490196,23446.43137254902,23463.647058823528
18.745098039215687,23416.058823529413,23274.86274509804,23438.686274509804,23456.529411764706
18.764705882352942,23410.823529411766,23273.41176470588,23430.941176470587,23449.41176470588
18.784313725490197,23405.58823529412,23271.960784313724,23423.196078431374,23442.29411764706
18.80392156862745,23400.352941176472,23270.50980392157,23415.450980392157,23435.176470588234
18.823529411764707,23395.117647058825,23269.058823529413,23407.70588235294,23428.058823529413
18.84313725490196,23389.882352941175,23267.607843137255,23399.960784313724,23420.941176470587
18.862745098039216,23384.647058823528,23266.156862745098,23392.21568627451,23413.823529411766
18.88235294117647,23379.41176470588,23264.70588235294,23384.470588235294,23406.70588235294
18.901960784313726,23374.176470588234,23263.254901960783,23376.725490196077,23399.58823529412
18.92156862745098,23368.941176470587,23261.803921568626,23368.980392156864,23392.470588235294
18.941176470588236,23363.70588235294,23260.352941176472,23361.235294117647,23385.352941176472
18.96078431372549,23358.470588235294,23258.901960784315,23353.49019607843,23378.235294117647
18.980392156862745,23353.235294117647,23257.450980392157,23345.745098039217,23371.117647058825
19.019607843137255,23297.07843137255,23227.0,23316.352941176472,23336.352941176472
19.03921568627451,23246.156862745098,23198.0,23294.70588235294,23308.70588235294
19.058823529411764,23195.235294117647,23169.0,23273.058823529413,23281.058823529413
19.07843137254902,23144.313725490196,23140.0,23251.41176470588,23253.41176470588
19.098039215686274,23093.392156862745,23111.0,23229.764705882353,23225.764705882353
19.11764705882353,23042.470588235294,23082.0,23208.117647058825,23198.117647058825
19.137254901960784,22991.549019607843,23053.0,23186.470588235294,23170.470588235294
19.15686274509804,22940.62745098039,23024.0,23164.823529411766,23142.823529411766
19.176470588235293,22889.70588235294,22995.0,23143.176470588234,23115.176470588234
19.19607843137255,22838.78431372549,22966.0,23121.529411764706,23087.529411764706
19.215686274509803,22787.86274509804,22937.0,23099.882352941175,23059.882352941175
19.235294117647058,22736.941176470587,22908.0,23078.235294117647,23032.235294117647
19.254901960784313,22686.019607843136,22879.0,23056.58823529412,23004.58823529412
19.274509803921568,22635.098039215685,22850.0,23034.941176470587,22976.941176470587
19.294117647058822,22584.176470588234,22821.0,23013.29411764706,22949.29411764706
19.313725490196077,22533.254901960783,22792.0,22991.647058823528,22921.647058823528
19.333333333333332,22482.333333333332,22763.0,22970.0,22894.0
19.352941176470587,22431.41176470588,22734.0,22948.352941176472,22866.352941176472
19.372549019607842,22380.49019607843,22705.0,22926.70588235294,22838.70588235294
19.392156862745097,22329.56862745098,22676.0,22905.058823529413,22811.058823529413
19.41176470588235,22278.647058823528,22647.0,22883.41176470588,22783.41176470588
19.431372549019606,22227.725490196077,22618.0,22861.764705882353,22755.764705882353
19.45098039215686,22176.803921568626,22589.0,22840.117647058825,22728.117647058825
19.470588235294116,22125.882352941175,22560.0,22818.470588235294,22700.470588235294
19.49019607843137,22074.960784313727,22531.0,22796.823529411766,22672.823529411766
19.509803921568626,22024.039215686273,22502.0,22775.176470588234,22645.176470588234
19.529411764705884,21973.117647058825,22473.0,22753.529411764706,22617.529411764706
19.54901960784314,21922.196078431374,22444.0,22731.882352941175,22589.882352941175
19.568627450980394,21871.274509803923,22415.0,22710.235294117647,22562.235294117647
19.58823529411765,21820.352941176472,22386.0,22688.58823529412,22534.58823529412
19.607843137254903,21769.43137254902,22357.0,22666.941176470587,22506.941176470587
19.627450980392158,21718.50980392157,22328.0,22645.29411764706,22479.29411764706
19.647058823529413,21667.58823529412,22299.0,22623.647058823528,22451.647058823528
19.666666666666668,21616.666666666668,22270.0,22602.0,22424.0
19.686274509803923,21565.745098039217,22241.0,22580.352941176472,22396.352941176472
19.705882352941178,21514.823529411766,22212.0,22558.70588235294,22368.70588235294
19.725490196078432,21463.901960784315,22183.0,22537.058823529413,22341.058823529413
19.745098039215687,21412.980392156864,22154.0,22515.41176470588,22313.41176470588
19.764705882352942,21362.058823529413,22125.0,22493.764705882353,22285.764705882353
19.784313725490197,21311.13725490196,22096.0,22472.117647058825,22258.117647058825
19.80392156862745,21260.21568627451,22067.0,22450.470588235294,22230.470588235294
19.823529411764707,21209.29411764706,22038.0,22428.823529411766,22202.823529411766
19.84313725490196,21158.37254901961,22009.0,22407.176470588234,22175.176470588234
19.862745098039216,21107.450980392157,21980.0,22385.529411764706,22147.529411764706
19.88235294117647,21056.529411764706,21951.0,22363.882352941175,22119.882352941175
19.901960784313726,21005.607843137255,21922.0,22342.235294117647,22092.235294117647
19.92156862745098,20954.686274509804,21893.0,22320.58823529412,22064.58823529412
19.941176470588236,20903.764705882353,21864.0,22298.941176470587,22036.941176470587
19.96078431372549,20852.843137254902,21835.0,22277.29411764706,22009.29411764706
19.980392156862745,20801.92156862745,21806.0,22255.647058823528,21981.647058823528
20.019607843137255,20736.470588235294,21753.235294117647,22205.62745098039,21926.49019607843
20.03921568627451,20721.941176470587,21729.470588235294,22177.254901960783,21898.980392156864
20.058823529411764,20707.41176470588,21705.70588235294,22148.882352941175,21871.470588235294
20.07843137254902,20692.882352941175,21681.941176470587,22120.50980392157,21843.960784313724
20.098039215686274,20678.352941176472,21658.176470588234,22092.13725490196,21816.450980392157
20.11764705882353,20663.823529411766,21634.41176470588,22063.764705882353,21788.941176470587
20.137254901960784,20649.29411764706,21610.647058823528,22035.392156862745,21761.43137254902
20.15686274509804,20634.764705882353,21586.882352941175,22007.019607843136,21733.92156862745
20.176470588235293,20620.235294117647,21563.117647058825,21978.647058823528,21706.41176470588
20.19607843137255,20605.70588235294,21539.352941176472,21950.274509803923,21678.901960784315
20.215686274509803,20591.176470588234,21515.58823529412,21921.901960784315,21651.392156862745
20.235294117647058,20576.647058823528,21491.823529411766,21893.529411764706,21623.882352941175
20.254901960784313,20562.117647058825,21468.058823529413,21865.156862745098,21596.37254901961
20.274509803921568,20547.58823529412,21444.29411764706,21836.78431372549,21568.86274509804
20.294117647058822,20533.058823529413,21420.529411764706,21808.41176470588,21541.352941176472
20.313725490196077,20518.529411764706,21396.764705882353,21780.039215686276,21513.843137254902
20.333333333333332,20504.0,21373.0,21751.666666666668,21486.333333333332
20.352941176470587,20489.470588235294,21349.235294117647,21723.29411764706,21458.823529411766
20.372549019607842,20474.941176470587,21325.470588235294,21694.92156862745,21431.313725490196
20.392156862745097,20460.41176470588,21301.70588235294,21666.549019607843,21403.803921568626
20.41176470588235,20445.882352941175,21277.941176470587,21638.176470588234,21376.29411764706
20.431372549019606,20431.352941176472,21254.176470588234,21609.803921568626,21348.78431372549
20.45098039215686,20416.823529411766,21230.41176470588,21581.43137254902,21321.274509803923
20.470588235294116,20402.29411764706,21206.647058823528,21553.058823529413,21293.764705882353
20.49019607843137,20387.764705882353,21182.882352941175,21524.686274509804,21266.254901960783
20.509803921568626,20373.235294117647,21159.117647058825,21496.313725490196,21238.745098039217
20.529411764705884,20358.70588235294,21135.352941176472,21467.941176470587,21211.235294117647
20.54901960784314,20344.176470588234,21111.58823529412,21439.56862745098,21183.725490196077
20.568627450980394,20329.647058823528,21087.823529411766,21411.196078431374,21156.21568627451
20.58823529411765,20315.117647058825,21064.058823529413,21382.823529411766,21128.70588235294
20.607843137254903,20300.58823529412,21040.29411764706,21354.450980392157,21101.196078431374
20.627450980392158,20286.058823529413,21016.529411764706,21326.07843137255,21073.686274509804
20.647058823529413,20271.529411764706,20992.764705882353,21297.70588235294,21046.176470588234
20.666666666666668,20257.0,20969.0,21269.333333333332,21018.666666666668
20.686274509803923,20242.470588235294,20945.235294117647,21240.960784313727,20991.156862745098
20.705882352941178,20227.941176470587,20921.470588235294,21212.58823529412,20963.647058823528
20.725490196078432,20213.41176470588,20897.70588235294,21184.21568627451,20936.13725490196
20.745098039215687,20198.882352941175,20873.941176470587,21155.843137254902,20908.62745098039
20.764705882352942,20184.352941176472,20850.176470588234,21127.470588235294,20881.117647058825
20.784313725490197,20169.823529411766,20826.41176470588,21099.098039215685,20853.607843137255
20.80392156862745,20155.29411764706,20802.647058823528,21070.725490196077,20826.098039215685
20.823529411764707,20140.764705882353,20778.882352941175,21042.352941176472,20798.58823529412
20.84313725490196,20126.235294117647,20755.117647058825,21013.980392156864,20771.07843137255
20.862745098039216,20111.70588235294,20731.352941176472,20985.607843137255,20743.56862745098
20.88235294117647,20097.176470588234,20707.58823529412,20957.235294117647,20716.058823529413
20.901960784313726,20082.647058823528,20683.823529411766,20928.86274509804,20688.549019607843
20.92156862745098,20068.117647058825,20660.058823529413,20900.49019607843,20661.039215686273
20.941176470588236,20053.58823529412,20636.29411764706,20872.117647058825,20633.529411764706
20.96078431372549,20039.058823529413,20612.529411764706,20843.745098039217,20606.019607843136
20.980392156862745,20024.529411764706,20588.764705882353,20815.37254901961,20578.50980392157
